{"fairness": {"stat_par_mean": 0.007591414971428128, "stat_par_std": 0.004577679137006495, "eq_odds_mean": 0.01658828047261148, "eq_odds_std": 0.008330435096592516, "eq_opp_mean": -0.0036547116461846272, "eq_opp_std": 0.0035243365698387993}, "explainability": {"mean_stability": 0.890909090909091}, "performance": {"f1_mean": 0.2090633800072729, "f1_std": 0.00460918467526538, "accuracy_mean": 0.7611280119702714, "accuracy_std": 0.0012612989467284757, "balanced_acc_mean": 0.5925821183625887, "balanced_acc_std": 0.000779140815738314, "precision_mean": 0.14261954092898088, "precision_std": 0.004282118460215946, "recall_mean": 0.3916310158801334, "recall_std": 0.0015971578901679503, "data_drift": 0.0}}